{
	"blue" : 0.058824,
	"green" : 0.054902,
	"red" : 0.070588,
	"tolerance" : 74.175965
}
